{
    "columns": [
        2,
        0
    ],
    "col_0": [
        1570713088201.0,
        1570713088509.0,
        1570713088770.0,
        1570713089028.0,
        1570713089289.0,
        1570713089557.0,
        1570713089800.0,
        1570713090006.0,
        1570713090263.0,
        1570713090619.0,
        1570713090861.0,
        1570713091126.0,
        1570713091551.0,
        1570713091920.0,
        1570713092251.0,
        1570713092630.0,
        1570713092869.0,
        1570713093184.0,
        1570713093564.0,
        1570713093959.0,
        1570713094179.0,
        1570713094408.0,
        1570713094623.0,
        1570713095012.0,
        1570713095404.0,
        1570713095658.0,
        1570713096021.0,
        1570713096304.0,
        1570713096401.0,
        1570713096807.0,
        1570713097200.0,
        1570713097629.0,
        1570713097904.0
    ],
    "col_1": [
        43.75,
        68.75,
        81.25,
        100.0,
        87.5,
        68.75,
        50.0,
        37.5,
        25.0,
        0.0,
        12.5,
        31.25,
        56.25,
        81.25,
        100.0,
        75.0,
        62.5,
        43.75,
        18.75,
        6.25,
        18.75,
        37.5,
        50.0,
        75.0,
        93.75,
        87.5,
        62.5,
        43.75,
        37.5,
        12.5,
        6.25,
        37.5,
        56.25
    ],
    "log_0": [
        12.196096862576117,
        12.196096862661277,
        12.196096862733441,
        12.196096862804778,
        12.196096862876943,
        12.196096862951043,
        12.196096863018232,
        12.196096863075189,
        12.196096863146249,
        12.19609686324468,
        12.196096863311592,
        12.196096863384863,
        12.196096863502375,
        12.196096863604402,
        12.19609686369592,
        12.196096863800712,
        12.196096863866794,
        12.19609686395389,
        12.196096864058959,
        12.196096864168175,
        12.196096864229004,
        12.19609686429232,
        12.196096864351768,
        12.196096864459325,
        12.19609686456771,
        12.196096864637939,
        12.196096864738307,
        12.196096864816555,
        12.196096864843377,
        12.196096864955634,
        12.196096865064295,
        12.196096865182911,
        12.196096865258948
    ],
    "log_1": [
        1.6409780573583322,
        1.8372727025023004,
        1.909823369650912,
        2.0,
        1.9420080530223132,
        1.8372727025023004,
        1.6989700043360188,
        1.5740312677277189,
        1.3979400086720378,
        0.0001,
        1.0969100130080565,
        1.494850021680094,
        1.7501225267834003,
        1.909823369650912,
        2.0,
        1.8750612633917,
        1.7958800173440753,
        1.6409780573583322,
        1.2730012720637376,
        0.7958800173440752,
        1.2730012720637376,
        1.5740312677277189,
        1.6989700043360188,
        1.8750612633917,
        1.9719712763997564,
        1.9420080530223132,
        1.7958800173440753,
        1.6409780573583322,
        1.5740312677277189,
        1.0969100130080565,
        0.7958800173440752,
        1.5740312677277189,
        1.7501225267834003
    ]
}